school_year,division_name,school_name,total_count,total_count_stem,total_count_non_stem,pass_advanced_count,pass_advanced_count_stem,pass_advanced_count_non_stem,pass_proficient_count,fail_count,pass_count,pass_count_stem,pass_count_non_stem,year,test_level,test_source,school_level,CS_enrollment_rate,pass_advanced_rate,pass_advanced_rate_stem,pass_advanced_rate_non_stem,pass_rate,pass_rate_stem,pass_rate_non_stem
2021-2022,Accomack County,Arcadia High,1021,408,613,57,15,42,539,425,596,274,322,2022,EOC,SOL,High School,,5.582761998041136,3.6764705882352944,6.851549755301795,58.3741429970617,67.15686274509804,52.52854812398042
2021-2022,Accomack County,Chincoteague High,219,90,129,40,10,30,133,46,173,80,93,2022,EOC,SOL,High School,,18.2648401826484,11.11111111111111,23.25581395348837,78.99543378995433,88.88888888888889,72.09302325581395
2021-2022,Accomack County,Nandua High,893,335,558,78,24,54,553,262,631,279,352,2022,EOC,SOL,High School,,8.734602463605823,7.164179104477612,9.67741935483871,70.66069428891377,83.28358208955224,63.08243727598566
2021-2022,Albemarle County,Albemarle High,2413,1299,1114,325,96,229,1279,809,1604,825,779,2022,EOC,SOL,High School,8.220603537981269,13.468711147948612,7.390300230946882,20.556552962298024,66.47326978864484,63.51039260969977,69.92818671454219
2021-2022,Albemarle County,Community Lab School,177,116,61,14,9,5,125,38,139,92,47,2022,EOC,SOL,High School,1.6042780748663104,7.909604519774012,7.758620689655173,8.19672131147541,78.53107344632768,79.3103448275862,77.04918032786885
2021-2022,Albemarle County,Monticello High,1477,808,669,135,32,103,862,480,997,490,507,2022,EOC,SOL,High School,5.983606557377049,9.140148950575492,3.9603960396039604,15.396113602391628,67.50169262017603,60.64356435643564,75.7847533632287
2021-2022,Albemarle County,Western Albemarle High,1478,794,684,290,91,199,919,269,1209,624,585,2022,EOC,SOL,High School,9.92234685073339,19.621109607577807,11.460957178841308,29.093567251461987,81.79972936400542,78.58942065491183,85.52631578947368
2021-2022,Alexandria City,Alexandria City High,6367,2927,3440,596,122,474,2753,3018,3349,1395,1954,2022,EOC,SOL,High School,2.133938706015891,9.36076645201822,4.168090194738641,13.77906976744186,52.59934034867284,47.65971984967543,56.80232558139535
2021-2022,Alleghany County,Alleghany High,884,351,533,64,13,51,484,336,548,228,320,2022,EOC,SOL,High School,3.9383561643835616,7.239819004524888,3.7037037037037033,9.568480300187618,61.990950226244344,64.95726495726495,60.0375234521576
2021-2022,Amelia County,Amelia County High,732,425,307,36,8,28,437,259,473,280,193,2022,EOC,SOL,High School,5.465587044534413,4.918032786885246,1.8823529411764703,9.120521172638437,64.61748633879782,65.88235294117646,62.866449511400646
2021-2022,Amherst County,Amherst County High,1376,666,710,132,14,118,783,461,915,412,503,2022,EOC,SOL,High School,,9.593023255813954,2.1021021021021022,16.619718309859156,66.49709302325581,61.86186186186187,70.84507042253522
2021-2022,Appomattox County,Appomattox County High,874,382,492,65,9,56,599,210,664,293,371,2022,EOC,SOL,High School,,7.437070938215102,2.356020942408377,11.38211382113821,75.97254004576659,76.70157068062828,75.40650406504065
2021-2022,Arlington County,Arlington Community High,55,11,44,6,1,5,38,11,44,8,36,2022,EOC,SOL,High School,,10.909090909090908,9.090909090909092,11.363636363636363,80.0,72.72727272727273,81.81818181818183
2021-2022,Arlington County,Wakefield High,3466,1709,1757,547,116,431,1997,922,2544,1225,1319,2022,EOC,SOL,High School,11.275167785234899,15.781881130986728,6.787595084844939,24.530449630051223,73.39873052510099,71.6793446459918,75.07114399544679
2021-2022,Arlington County,Washington-Liberty High,2969,1464,1505,817,228,589,1586,566,2403,1166,1237,2022,EOC,SOL,High School,10.046082949308756,27.517682721455035,15.573770491803279,39.136212624584715,80.93634220276186,79.6448087431694,82.19269102990033
2021-2022,Arlington County,Yorktown High,2967,1403,1564,862,214,648,1796,309,2658,1242,1416,2022,EOC,SOL,High School,11.594202898550725,29.052915402763734,15.25302922309337,41.432225063938624,89.58543983822042,88.52459016393442,90.53708439897699
2021-2022,Augusta County,Buffalo Gap High,735,368,367,98,38,60,507,130,605,309,296,2022,EOC,SOL,High School,2.455357142857143,13.333333333333334,10.326086956521738,16.348773841961854,82.31292517006803,83.96739130434783,80.65395095367847
2021-2022,Augusta County,Fort Defiance High,1047,457,590,178,31,147,696,173,874,388,486,2022,EOC,SOL,High School,1.7931034482758619,17.00095510983763,6.783369803063458,24.91525423728814,83.47659980897804,84.9015317286652,82.37288135593221
2021-2022,Augusta County,Riverheads High,734,376,358,100,34,66,523,111,623,317,306,2022,EOC,SOL,High School,0.851063829787234,13.623978201634879,9.042553191489363,18.435754189944134,84.87738419618529,84.30851063829788,85.47486033519553
2021-2022,Augusta County,Stuarts Draft High,1101,552,549,131,34,97,708,262,839,397,442,2022,EOC,SOL,High School,1.9746121297602257,11.89827429609446,6.159420289855073,17.66848816029144,76.20345140781109,71.92028985507247,80.51001821493625
2021-2022,Augusta County,Wilson Memorial High,1287,681,606,175,49,126,857,255,1032,530,502,2022,EOC,SOL,High School,4.337050805452292,13.597513597513597,7.195301027900147,20.792079207920793,80.1864801864802,77.82672540381792,82.83828382838284
2021-2022,Bath County,Bath County High,183,78,105,22,2,20,132,29,154,68,86,2022,EOC,SOL,High School,,12.021857923497267,2.564102564102564,19.047619047619047,84.15300546448088,87.17948717948718,81.9047619047619
2021-2022,Bedford County,Jefferson Forest High,1396,639,757,293,65,228,883,220,1176,539,637,2022,EOC,SOL,High School,10.202492211838006,20.988538681948423,10.172143974960877,30.11889035667107,84.2406876790831,84.35054773082942,84.14795244385733
2021-2022,Bedford County,Liberty High,782,433,349,73,19,54,497,212,570,321,249,2022,EOC,SOL,High School,2.0891364902506964,9.335038363171355,4.387990762124711,15.472779369627506,72.89002557544757,74.13394919168591,71.34670487106017
2021-2022,Bedford County,Staunton River High,1097,614,483,85,16,69,624,388,709,401,308,2022,EOC,SOL,High School,6.630434782608696,7.748404740200547,2.6058631921824107,14.285714285714285,64.63081130355515,65.30944625407166,63.76811594202898
2021-2022,Bland County,Bland County High,355,185,170,46,16,30,249,60,295,151,144,2022,EOC,SOL,High School,,12.957746478873238,8.64864864864865,17.647058823529413,83.09859154929578,81.62162162162161,84.70588235294117
2021-2022,Botetourt County,James River High,535,284,251,39,8,31,402,94,441,226,215,2022,EOC,SOL,High School,,7.289719626168225,2.8169014084507045,12.350597609561753,82.42990654205607,79.5774647887324,85.65737051792829
2021-2022,Botetourt County,Lord Botetourt High,1125,633,492,140,50,90,780,205,920,509,411,2022,EOC,SOL,High School,,12.444444444444445,7.898894154818326,18.29268292682927,81.77777777777779,80.41074249605056,83.53658536585365
2021-2022,Bristol City,Virginia High,704,373,331,68,24,44,418,218,486,270,216,2022,EOC,SOL,High School,,9.659090909090908,6.434316353887399,13.293051359516618,69.0340909090909,72.38605898123325,65.25679758308158
2021-2022,Brunswick County,Brunswick High,628,265,363,28,2,26,331,269,359,148,211,2022,EOC,SOL,High School,16.32183908045977,4.45859872611465,0.7547169811320755,7.162534435261708,57.16560509554141,55.84905660377358,58.1267217630854
2021-2022,Buchanan County,Council High,87,50,37,7,4,3,60,20,67,40,27,2022,EOC,SOL,High School,21.6,8.045977011494253,8.0,8.108108108108109,77.01149425287356,80.0,72.97297297297297
2021-2022,Buchanan County,Grundy High,550,290,260,27,2,25,358,165,385,205,180,2022,EOC,SOL,High School,,4.909090909090909,0.6896551724137931,9.615384615384617,70.0,70.6896551724138,69.23076923076923
2021-2022,Buchanan County,Hurley High,191,84,107,16,3,13,125,50,141,55,86,2022,EOC,SOL,High School,48.81516587677725,8.37696335078534,3.571428571428571,12.149532710280374,73.82198952879581,65.47619047619048,80.37383177570094
2021-2022,Buchanan County,Twin Valley High,229,110,119,22,3,19,142,65,164,75,89,2022,EOC,SOL,High School,,9.606986899563319,2.727272727272727,15.966386554621847,71.61572052401746,68.18181818181817,74.78991596638656
2021-2022,Buckingham County,Buckingham County High,773,307,466,45,10,35,486,242,531,231,300,2022,EOC,SOL,High School,,5.821474773609314,3.257328990228013,7.510729613733906,68.69340232858991,75.2442996742671,64.37768240343348
2021-2022,Buena Vista City,Parry McCluer High,454,212,242,27,9,18,280,147,307,155,152,2022,EOC,SOL,High School,,5.947136563876652,4.245283018867925,7.43801652892562,67.62114537444934,73.11320754716981,62.8099173553719
2021-2022,Campbell County,Altavista High,565,356,209,28,4,24,334,203,362,219,143,2022,EOC,SOL,High School,0.29455081001472755,4.95575221238938,1.1235955056179776,11.483253588516746,64.070796460177,61.51685393258427,68.42105263157895
2021-2022,Campbell County,Brookville High,987,500,487,99,28,71,727,161,826,415,411,2022,EOC,SOL,High School,2.4922118380062304,10.030395136778116,5.6000000000000005,14.579055441478438,83.68794326241135,83.0,84.39425051334702
2021-2022,Campbell County,Rustburg High,829,407,422,89,32,57,613,127,702,352,350,2022,EOC,SOL,High School,0.26041666666666663,10.735826296743065,7.862407862407863,13.507109004739338,84.68033775633293,86.48648648648648,82.93838862559242
2021-2022,Campbell County,William Campbell High,331,199,132,17,4,13,202,112,219,131,88,2022,EOC,SOL,High School,0.5089058524173028,5.13595166163142,2.0100502512562812,9.848484848484848,66.16314199395771,65.82914572864321,66.66666666666666
2021-2022,Caroline County,Caroline High,1666,736,930,113,11,102,977,576,1090,496,594,2022,EOC,SOL,High School,,6.782713085234093,1.4945652173913044,10.967741935483872,65.42617046818727,67.3913043478261,63.87096774193548
2021-2022,Carroll County,Carroll County High,1492,829,663,142,38,104,870,480,1012,560,452,2022,EOC,SOL,High School,4.480457578646329,9.517426273458444,4.583835946924005,15.686274509803921,67.828418230563,67.55126658624849,68.17496229260935
2021-2022,Charles City County,Charles City County High,196,101,95,13,4,9,119,64,132,58,74,2022,EOC,SOL,High School,1.6877637130801686,6.63265306122449,3.9603960396039604,9.473684210526317,67.3469387755102,57.42574257425742,77.89473684210526
2021-2022,Charlotte County,Randolph-Henry High,613,234,379,67,14,53,381,165,448,185,263,2022,EOC,SOL,High School,,10.929853181076671,5.982905982905983,13.984168865435356,73.08319738988581,79.05982905982906,69.39313984168865
2021-2022,Charlottesville City,Charlottesville High,1351,687,664,215,81,134,759,377,974,506,468,2022,EOC,SOL,High School,3.7037037037037033,15.914137675795706,11.790393013100436,20.180722891566266,72.09474463360473,73.65356622998544,70.48192771084338
2021-2022,Chesapeake City,Deep Creek High,2421,1170,1251,332,100,232,1533,556,1865,895,970,2022,EOC,SOL,High School,,13.713341594382486,8.547008547008547,18.545163868904876,77.03428335398596,76.49572649572649,77.53796962430056
2021-2022,Chesapeake City,Grassfield High,3431,1552,1879,916,257,659,2195,320,3111,1398,1713,2022,EOC,SOL,High School,1.2334801762114538,26.69775575633926,16.559278350515463,35.071846726982436,90.6732730982221,90.07731958762886,91.16551357104842
2021-2022,Chesapeake City,Great Bridge High,2522,1144,1378,413,90,323,1721,388,2134,939,1195,2022,EOC,SOL,High School,1.1083743842364533,16.375892149088024,7.8671328671328675,23.439767779390422,84.61538461538461,82.08041958041959,86.71988388969521
2021-2022,Chesapeake City,Hickory High,2333,1128,1205,498,158,340,1598,237,2096,1029,1067,2022,EOC,SOL,High School,1.2453300124533,21.345906558079726,14.00709219858156,28.21576763485477,89.84140591513074,91.22340425531915,88.54771784232365
2021-2022,Chesapeake City,Indian River High,2473,1107,1366,225,34,191,1598,650,1823,826,997,2022,EOC,SOL,High School,0.3597122302158274,9.09826122118884,3.071364046973803,13.98243045387994,73.71613424989891,74.61607949412827,72.98682284040996
2021-2022,Chesapeake City,Oscar F. Smith High,3224,1381,1843,300,69,231,1892,1032,2192,1029,1163,2022,EOC,SOL,High School,0.04502476361999099,9.305210918114144,4.996379435191891,12.533912099837222,67.99007444168734,74.51122375090515,63.10363537710255
2021-2022,Chesapeake City,Western Branch High,3236,1452,1784,374,89,285,2149,713,2523,1147,1376,2022,EOC,SOL,High School,1.044138585666825,11.557478368355994,6.129476584022039,15.975336322869953,77.96662546353524,78.99449035812673,77.13004484304933
2021-2022,Chesterfield County,Carver College and Career Academy,291,129,162,2,1,1,110,179,112,44,68,2022,EOC,SOL,High School,0.4761904761904762,0.6872852233676976,0.7751937984496124,0.6172839506172839,38.48797250859107,34.10852713178294,41.9753086419753
2021-2022,Chesterfield County,Clover Hill High,2574,1135,1439,431,137,294,1411,732,1842,743,1099,2022,EOC,SOL,High School,12.360801781737193,16.744366744366744,12.070484581497798,20.430854760250174,71.56177156177156,65.4625550660793,76.3724808895066
2021-2022,Chesterfield County,Cosby High,3421,1524,1897,524,117,407,2479,418,3003,1321,1682,2022,EOC,SOL,High School,7.161234991423671,15.317158725518853,7.677165354330709,21.454928835002633,87.78135048231512,86.67979002624672,88.66631523458092
2021-2022,Chesterfield County,James River High,2724,1180,1544,326,62,264,1531,867,1857,698,1159,2022,EOC,SOL,High School,1.3541666666666667,11.96769456681351,5.2542372881355925,17.098445595854923,68.17180616740089,59.152542372881356,75.06476683937824
2021-2022,Chesterfield County,Lloyd C. Bird High,2648,1278,1370,158,24,134,1431,1059,1589,731,858,2022,EOC,SOL,High School,6.978021978021978,5.966767371601208,1.8779342723004695,9.781021897810218,60.00755287009063,57.19874804381847,62.62773722627737
2021-2022,Chesterfield County,Manchester High,3568,1677,1891,244,31,213,2273,1051,2517,1115,1402,2022,EOC,SOL,High School,6.684733514001806,6.838565022421525,1.8485390578413834,11.263881544156531,70.54372197309418,66.48777579010137,74.14066631411951
2021-2022,Chesterfield County,Matoaca High,2305,1089,1216,154,22,132,1307,844,1461,641,820,2022,EOC,SOL,High School,15.970961887477314,6.68112798264642,2.0202020202020203,10.855263157894738,63.38394793926248,58.8613406795225,67.43421052631578
2021-2022,Chesterfield County,Meadowbrook High,3451,1590,1861,82,16,66,1274,2095,1356,555,801,2022,EOC,SOL,High School,8.552317247969423,2.3761228629382787,1.0062893081761006,3.5464803868887693,39.29295856273544,34.90566037735849,43.0413756045137
2021-2022,Chesterfield County,Midlothian High,2926,1254,1672,502,106,396,1980,444,2482,1024,1458,2022,EOC,SOL,High School,9.769539078156313,17.15652768284347,8.452950558213717,23.684210526315788,84.8257006151743,81.65869218500798,87.20095693779905
2021-2022,Chesterfield County,Monacan High,2363,1053,1310,241,52,189,1448,674,1689,717,972,2022,EOC,SOL,High School,1.6738995660260385,10.198899703766399,4.938271604938271,14.427480916030536,71.47693609818027,68.09116809116809,74.19847328244275
2021-2022,Chesterfield County,Thomas Dale High,3632,1668,1964,226,27,199,2056,1350,2282,948,1334,2022,EOC,SOL,High School,6.021756021756022,6.222466960352422,1.618705035971223,10.132382892057027,62.830396475770925,56.83453237410072,67.92260692464357
2021-2022,Clarke County,Clarke County High,887,397,490,127,36,91,603,157,730,325,405,2022,EOC,SOL,High School,0.29411764705882354,14.317925591882751,9.06801007556675,18.571428571428573,82.2998872604284,81.86397984886649,82.6530612244898
2021-2022,Colonial Beach,Colonial Beach High,213,130,83,6,4,2,104,103,110,85,25,2022,EOC,SOL,High School,8.547008547008547,2.8169014084507045,3.076923076923077,2.4096385542168677,51.64319248826291,65.38461538461539,30.120481927710845
2021-2022,Colonial Heights City,Colonial Heights High,867,413,454,101,32,69,601,165,702,370,332,2022,EOC,SOL,High School,6.115107913669065,11.649365628604382,7.74818401937046,15.198237885462554,80.96885813148789,89.58837772397095,73.12775330396477
2021-2022,Covington City,Covington High,391,190,201,17,5,12,223,151,240,123,117,2022,EOC,SOL,High School,15.714285714285714,4.3478260869565215,2.631578947368421,5.970149253731343,61.38107416879796,64.73684210526316,58.2089552238806
2021-2022,Craig County,Craig County High,253,113,140,18,8,10,153,82,171,88,83,2022,EOC,SOL,High School,,7.114624505928854,7.079646017699115,7.142857142857142,67.58893280632411,77.87610619469027,59.285714285714285
2021-2022,Culpeper County,Culpeper County High,1627,691,936,138,39,99,943,546,1081,454,627,2022,EOC,SOL,High School,9.39318370739817,8.481868469575907,5.643994211287988,10.576923076923077,66.44130301167793,65.70188133140377,66.98717948717949
2021-2022,Culpeper County,Eastern View High,2206,941,1265,252,55,197,1327,627,1579,661,918,2022,EOC,SOL,High School,6.534272901985906,11.423390752493201,5.844845908607864,15.573122529644268,71.57751586582049,70.24442082890542,72.56916996047431
2021-2022,Cumberland County,Cumberland High,627,294,333,46,6,40,307,274,353,147,206,2022,EOC,SOL,High School,21.179624664879356,7.336523125996811,2.0408163265306123,12.012012012012011,56.29984051036683,50.0,61.86186186186187
2021-2022,Danville City,Galileo Magnet High,354,146,208,60,18,42,222,72,282,119,163,2022,EOC,SOL,High School,11.904761904761903,16.94915254237288,12.32876712328767,20.192307692307693,79.66101694915254,81.5068493150685,78.36538461538461
2021-2022,Danville City,George Washington High,2249,1015,1234,54,13,41,852,1343,906,414,492,2022,EOC,SOL,High School,6.5549890750182085,2.401067140951534,1.2807881773399015,3.322528363047002,40.28457092040907,40.78817733990148,39.87034035656402
2021-2022,Dickenson County,Ridgeview High,667,331,336,44,13,31,444,179,488,257,231,2022,EOC,SOL,High School,,6.5967016491754125,3.927492447129909,9.226190476190476,73.16341829085458,77.64350453172206,68.75
2021-2022,Dinwiddie County,Dinwiddie County High,2070,1009,1061,154,52,102,1213,703,1367,691,676,2022,EOC,SOL,High School,1.7001545595054095,7.439613526570048,5.153617443012884,9.613572101790764,66.03864734299518,68.48364717542121,63.71347785108389
2021-2022,Essex County,Essex High,525,295,230,22,2,20,316,187,338,205,133,2022,EOC,SOL,High School,,4.190476190476191,0.6779661016949152,8.695652173913043,64.38095238095238,69.49152542372882,57.826086956521735
2021-2022,Fairfax County,Annandale High,1852,1325,527,174,83,91,1129,549,1303,915,388,2022,EOC,SOL,High School,15.222272114952851,9.395248380129589,6.264150943396227,17.267552182163186,70.35637149028078,69.0566037735849,73.62428842504744
2021-2022,Fairfax County,Bryant High,156,85,71,2,1,1,67,87,69,42,27,2022,EOC,SOL,High School,0.7092198581560284,1.282051282051282,1.1764705882352942,1.4084507042253522,44.230769230769226,49.411764705882355,38.028169014084504
2021-2022,Fairfax County,Centreville High,2271,1400,871,475,179,296,1392,404,1867,1101,766,2022,EOC,SOL,High School,19.696379914363565,20.915896081021575,12.785714285714286,33.98392652123995,82.21047996477323,78.64285714285715,87.94489092996555
2021-2022,Fairfax County,Chantilly High,2268,1519,749,628,308,320,1390,250,2018,1323,695,2022,EOC,SOL,High School,24.69429347826087,27.689594356261022,20.276497695852534,42.72363150867824,88.97707231040565,87.09677419354838,92.79038718291055
2021-2022,Fairfax County,Edison High,1877,1262,615,241,76,165,1206,430,1447,958,489,2022,EOC,SOL,High School,22.987974098057354,12.839637719765584,6.022187004754358,26.82926829268293,77.09110282365477,75.91125198098257,79.51219512195122
2021-2022,Fairfax County,Fairfax County Adult High,133,78,55,0,0,0,23,110,23,22,1,2022,EOC,SOL,High School,,0.0,0.0,0.0,17.293233082706767,28.205128205128204,1.8181818181818181
2021-2022,Fairfax County,Fairfax High,2133,1199,934,485,161,324,1298,350,1783,947,836,2022,EOC,SOL,High School,15.923009623797025,22.73792780121894,13.427856547122602,34.68950749464668,83.5911861228317,78.98248540450375,89.50749464668094
2021-2022,Fairfax County,Falls Church High,1650,1179,471,134,62,72,948,568,1082,762,320,2022,EOC,SOL,High School,12.703252032520327,8.121212121212121,5.258693808312128,15.286624203821656,65.57575757575758,64.63104325699746,67.94055201698514
2021-2022,Fairfax County,Hayfield Secondary,2059,1427,632,274,107,167,1317,468,1591,1088,503,2022,EOC,SOL,High School,10.629279426149331,13.30743079164643,7.498248072880168,26.424050632911396,77.2705196697426,76.2438682550806,79.58860759493672
2021-2022,Fairfax County,Herndon High,2800,1346,1454,430,91,339,1579,791,2009,950,1059,2022,EOC,SOL,High School,12.963771278917502,15.357142857142858,6.760772659732541,23.31499312242091,71.75,70.57949479940565,72.83356258596973
2021-2022,Fairfax County,Justice High,2232,1357,875,231,70,161,1243,758,1474,883,591,2022,EOC,SOL,High School,8.870598994055785,10.349462365591398,5.158437730287399,18.4,66.0394265232975,65.07000736919676,67.54285714285714
2021-2022,Fairfax County,Lake Braddock Secondary,2910,2207,703,810,475,335,1819,281,2629,1970,659,2022,EOC,SOL,High School,14.210163255920902,27.835051546391753,21.52242863615768,47.652916073968704,90.34364261168385,89.26144086995922,93.74110953058322
2021-2022,Fairfax County,Langley High,1704,1124,580,633,342,291,996,75,1629,1070,559,2022,EOC,SOL,High School,19.891944990176817,37.147887323943664,30.427046263345197,50.172413793103445,95.59859154929578,95.19572953736655,96.37931034482759
2021-2022,Fairfax County,Lewis High,1481,999,482,116,37,79,894,471,1010,674,336,2022,EOC,SOL,High School,16.092636579572446,7.832545577312626,3.7037037037037033,16.390041493775932,68.19716407832546,67.46746746746747,69.70954356846472
2021-2022,Fairfax County,Madison High,1764,1128,636,527,242,285,1077,160,1604,1026,578,2022,EOC,SOL,High School,20.41742286751361,29.875283446712018,21.45390070921986,44.81132075471698,90.9297052154195,90.95744680851064,90.88050314465409
2021-2022,Fairfax County,Marshall High,1698,1161,537,436,219,217,1114,148,1550,1049,501,2022,EOC,SOL,High School,19.49317738791423,25.677267373380445,18.863049095607234,40.4096834264432,91.28386336866903,90.35314384151593,93.29608938547486
2021-2022,Fairfax County,McLean High,2590,1361,1229,889,367,522,1478,223,2367,1216,1151,2022,EOC,SOL,High School,24.574105621805792,34.32432432432432,26.965466568699487,42.47355573637103,91.3899613899614,89.3460690668626,93.653376729048
2021-2022,Fairfax County,Mount Vernon High,1734,1206,528,83,31,52,992,659,1075,738,337,2022,EOC,SOL,High School,15.965092402464066,4.786620530565167,2.570480928689884,9.848484848484848,61.99538638985006,61.19402985074627,63.82575757575758
2021-2022,Fairfax County,Mountain View High,104,58,46,2,1,1,39,63,41,29,12,2022,EOC,SOL,High School,,1.9230769230769231,1.7241379310344827,2.1739130434782608,39.42307692307692,50.0,26.08695652173913
2021-2022,Fairfax County,Oakton High,1999,1332,667,690,327,363,1177,132,1867,1236,631,2022,EOC,SOL,High School,24.390243902439025,34.517258629314654,24.54954954954955,54.42278860569715,93.39669834917459,92.7927927927928,94.60269865067467
2021-2022,Fairfax County,Robinson Secondary,2475,1708,767,609,286,323,1668,198,2277,1536,741,2022,EOC,SOL,High School,13.462061463149306,24.606060606060606,16.74473067915691,42.11212516297262,92.0,89.92974238875878,96.61016949152543
2021-2022,Fairfax County,South County High,2547,1330,1217,404,118,286,1601,542,2005,974,1031,2022,EOC,SOL,High School,16.55658300308234,15.861798193953671,8.87218045112782,23.500410846343467,78.72006281900275,73.23308270676692,84.71651602300739
2021-2022,Fairfax County,South Lakes High,2050,1364,686,356,147,209,1214,480,1570,1016,554,2022,EOC,SOL,High School,17.093343836155967,17.365853658536583,10.777126099706745,30.466472303207,76.58536585365854,74.48680351906158,80.75801749271136
2021-2022,Fairfax County,Thomas Jefferson High for Science and Technology,1762,915,847,1115,477,638,638,9,1753,908,845,2022,EOC,SOL,High School,79.65299684542587,63.280363223609534,52.131147540983605,75.32467532467533,99.48921679909193,99.23497267759562,99.76387249114522
2021-2022,Fairfax County,West Potomac High,2205,1492,713,224,39,185,1289,692,1513,957,556,2022,EOC,SOL,High School,12.373072583678073,10.158730158730158,2.613941018766756,25.94670406732118,68.61678004535148,64.14209115281501,77.98036465638148
2021-2022,Fairfax County,West Springfield High,2389,1429,960,723,268,455,1470,196,2193,1295,898,2022,EOC,SOL,High School,18.463347706781654,30.263708664713267,18.754373687893633,47.39583333333333,91.79573043114274,90.62281315605318,93.54166666666667
2021-2022,Fairfax County,Westfield High,2321,1420,901,392,143,249,1481,448,1873,1102,771,2022,EOC,SOL,High School,18.714121699196326,16.889271865575182,10.070422535211268,27.63596004439512,80.69797501077122,77.6056338028169,85.5715871254162
2021-2022,Fairfax County,Woodson High,2378,1356,1022,753,271,482,1368,257,2121,1159,962,2022,EOC,SOL,High School,24.684831232208214,31.665264928511355,19.985250737463126,47.162426614481404,89.19259882253995,85.47197640117994,94.12915851272015
2021-2022,Falls Church City,Meridian High,944,484,460,274,80,194,577,93,851,437,414,2022,EOC,SOL,High School,4.4864226682408495,29.02542372881356,16.528925619834713,42.173913043478265,90.14830508474576,90.28925619834712,90.0
2021-2022,Fauquier County,Fauquier High,1707,858,849,185,25,160,1129,393,1314,603,711,2022,EOC,SOL,High School,3.346938775510204,10.837727006444053,2.9137529137529135,18.84570082449941,76.97715289982425,70.27972027972028,83.74558303886926
2021-2022,Fauquier County,Kettle Run High,1603,822,781,197,41,156,1129,277,1326,661,665,2022,EOC,SOL,High School,3.103448275862069,12.289457267623206,4.987834549878346,19.97439180537772,82.7199001871491,80.41362530413625,85.1472471190781
2021-2022,Fauquier County,Liberty High,1529,773,756,111,26,85,953,465,1064,526,538,2022,EOC,SOL,High School,0.6651884700665188,7.259646827992151,3.363518758085381,11.243386243386242,69.58796599084368,68.04657179818886,71.16402116402116
2021-2022,Floyd County,Floyd County High,757,354,403,89,35,54,554,114,643,307,336,2022,EOC,SOL,High School,4.61133069828722,11.756935270805812,9.887005649717514,13.399503722084367,84.94055482166446,86.7231638418079,83.37468982630273
2021-2022,Fluvanna County,Fluvanna County High,1589,729,860,204,39,165,984,401,1188,534,654,2022,EOC,SOL,High School,8.884297520661157,12.838263058527374,5.349794238683128,19.186046511627907,74.76400251730648,73.25102880658436,76.04651162790698
2021-2022,Franklin City,Franklin High,413,182,231,16,2,14,211,186,227,106,121,2022,EOC,SOL,High School,2.684563758389262,3.87409200968523,1.098901098901099,6.0606060606060606,54.9636803874092,58.24175824175825,52.38095238095239
2021-2022,Franklin County,Franklin County High,2405,1344,1061,251,79,172,1491,663,1742,946,796,2022,EOC,SOL,High School,0.2594706798131811,10.436590436590437,5.877976190476191,16.211121583411874,72.43243243243244,70.38690476190477,75.02356267672008
2021-2022,Frederick County,James Wood High,1942,837,1105,294,30,264,1189,459,1483,609,874,2022,EOC,SOL,High School,2.2598870056497176,15.139031925849638,3.584229390681003,23.891402714932127,76.36457260556128,72.75985663082437,79.09502262443439
2021-2022,Frederick County,Millbrook High,1890,749,1141,289,48,241,1160,441,1449,569,880,2022,EOC,SOL,High School,1.0723860589812333,15.291005291005291,6.408544726301736,21.12182296231376,76.66666666666667,75.9679572763685,77.12532865907099
2021-2022,Frederick County,Sherando High,2069,882,1187,301,59,242,1316,452,1617,689,928,2022,EOC,SOL,High School,3.1665611146295127,14.548090865152247,6.6893424036281175,20.38753159224937,78.15369743837603,78.11791383219955,78.18028643639427
2021-2022,Fredericksburg City,James Monroe High,1142,630,512,89,19,70,569,484,658,388,270,2022,EOC,SOL,High School,,7.793345008756567,3.015873015873016,13.671875,57.61821366024519,61.58730158730159,52.734375
2021-2022,Galax City,Galax High,465,246,219,43,15,28,259,163,302,147,155,2022,EOC,SOL,High School,0.53475935828877,9.247311827956988,6.097560975609756,12.785388127853881,64.94623655913978,59.756097560975604,70.77625570776256
2021-2022,Giles County,Giles High,723,388,335,99,44,55,476,148,575,321,254,2022,EOC,SOL,High School,4.028776978417266,13.692946058091287,11.34020618556701,16.417910447761194,79.52973720608576,82.73195876288659,75.82089552238806
2021-2022,Giles County,Narrows High,495,307,188,39,14,25,337,119,376,232,144,2022,EOC,SOL,High School,4.545454545454546,7.878787878787878,4.5602605863192185,13.297872340425531,75.95959595959596,75.57003257328991,76.59574468085107
2021-2022,Gloucester County,Gloucester High,1969,790,1179,234,55,179,1264,471,1498,636,862,2022,EOC,SOL,High School,,11.884205180294567,6.962025316455696,15.182357930449534,76.07922803453529,80.50632911392405,73.1128074639525
2021-2022,Goochland County,Goochland High,814,431,383,100,21,79,478,236,578,291,287,2022,EOC,SOL,High School,4.62962962962963,12.285012285012286,4.872389791183294,20.626631853785902,71.007371007371,67.51740139211137,74.93472584856397
2021-2022,Grayson County,Grayson County High,553,293,260,57,15,42,381,115,438,236,202,2022,EOC,SOL,High School,7.505518763796909,10.30741410488246,5.1194539249146755,16.153846153846153,79.20433996383363,80.54607508532423,77.6923076923077
2021-2022,Greene County,William Monroe High,1011,709,302,92,42,50,557,362,649,455,194,2022,EOC,SOL,High School,,9.099901088031652,5.923836389280677,16.55629139072848,64.19386745796241,64.17489421720734,64.23841059602648
2021-2022,Greensville County,Greensville County High,799,471,328,30,6,24,417,352,447,262,185,2022,EOC,SOL,High School,,3.754693366708386,1.2738853503184715,7.317073170731707,55.94493116395495,55.62632696390658,56.40243902439024
2021-2022,Halifax County,Halifax County High,1792,798,994,101,10,91,1016,675,1117,524,593,2022,EOC,SOL,High School,,5.636160714285714,1.2531328320802004,9.15492957746479,62.33258928571429,65.6641604010025,59.6579476861167
2021-2022,Hampton City,Bethel High,2329,1073,1256,146,30,116,1529,654,1675,763,912,2022,EOC,SOL,High School,3.712035995500562,6.26878488621726,2.7958993476234855,9.235668789808917,71.91927866036926,71.10904007455731,72.61146496815286
2021-2022,Hampton City,Hampton High,1607,696,911,89,9,80,932,586,1021,460,561,2022,EOC,SOL,High School,5.598159509202454,5.5382700684505295,1.293103448275862,8.781558726673985,63.53453640323584,66.0919540229885,61.58068057080131
2021-2022,Hampton City,Kecoughtan High,2202,958,1244,198,27,171,1367,637,1565,655,910,2022,EOC,SOL,High School,4.907584448693435,8.991825613079019,2.8183716075156577,13.745980707395496,71.07175295186194,68.37160751565762,73.15112540192926
2021-2022,Hampton City,Phoebus High,1236,535,701,81,18,63,788,367,869,414,455,2022,EOC,SOL,High School,6.331168831168831,6.553398058252427,3.364485981308411,8.98716119828816,70.30744336569579,77.38317757009345,64.90727532097004
2021-2022,Hanover County,Atlee High,1762,999,763,277,112,165,1232,253,1509,854,655,2022,EOC,SOL,High School,9.336941813261165,15.720771850170262,11.21121121121121,21.62516382699869,85.64131668558457,85.4854854854855,85.84534731323721
2021-2022,Hanover County,Hanover High,1686,901,785,192,49,143,1182,312,1374,726,648,2022,EOC,SOL,High School,6.501766784452297,11.387900355871885,5.438401775804662,18.21656050955414,81.49466192170819,80.57713651498335,82.54777070063695
2021-2022,Hanover County,Mechanicsville High,1708,931,777,158,26,132,1164,386,1322,681,641,2022,EOC,SOL,High School,8.571428571428571,9.250585480093678,2.7926960257787328,16.988416988416986,77.40046838407494,73.14715359828142,82.4967824967825
2021-2022,Hanover County,Patrick Henry High,1682,957,725,170,65,105,1047,465,1217,675,542,2022,EOC,SOL,High School,7.381507381507381,10.107015457788346,6.792058516196447,14.482758620689657,72.35434007134364,70.53291536050156,74.75862068965517
2021-2022,Harrisonburg City,Harrisonburg High,2070,1050,1020,165,45,120,1131,774,1296,682,614,2022,EOC,SOL,High School,0.25960539979231567,7.971014492753622,4.285714285714286,11.76470588235294,62.60869565217392,64.95238095238095,60.19607843137255
2021-2022,Henrico County,Deep Run High,2545,1192,1353,743,183,560,1477,325,2220,1004,1216,2022,EOC,SOL,High School,11.755403268318396,29.19449901768173,15.35234899328859,41.38950480413895,87.22986247544205,84.22818791946308,89.87435328898744
2021-2022,Henrico County,Douglas S. Freeman High,2346,1100,1246,355,66,289,1414,577,1769,839,930,2022,EOC,SOL,High School,,15.132139812446718,6.0,23.19422150882825,75.40494458653026,76.27272727272727,74.63884430176564
2021-2022,Henrico County,Glen Allen High,2447,1096,1351,507,123,384,1539,401,2046,904,1142,2022,EOC,SOL,High School,4.09919028340081,20.71924805884757,11.222627737226277,28.423390081421168,83.61258684102984,82.48175182481752,84.5299777942265
2021-2022,Henrico County,Henrico High,1759,796,963,138,22,116,832,789,970,452,518,2022,EOC,SOL,High School,2.507598784194529,7.845366685616828,2.763819095477387,12.045690550363448,55.144968732234226,56.78391959798995,53.79023883696781
2021-2022,Henrico County,Hermitage High,2208,1033,1175,115,20,95,1157,936,1272,602,670,2022,EOC,SOL,High School,1.762402088772846,5.208333333333334,1.9361084220716358,8.085106382978724,57.608695652173914,58.27686350435625,57.02127659574469
2021-2022,Henrico County,Highland Springs High,2861,1320,1541,90,16,74,1283,1488,1373,664,709,2022,EOC,SOL,High School,,3.145753233135267,1.2121212121212122,4.802076573653472,47.99021321216358,50.303030303030305,46.009085009733944
2021-2022,Henrico County,John Randolph Tucker High,2416,1144,1272,331,85,246,1300,785,1631,787,844,2022,EOC,SOL,High School,5.062571103526735,13.700331125827814,7.43006993006993,19.339622641509436,67.50827814569537,68.7937062937063,66.35220125786164
2021-2022,Henrico County,Mills E. Godwin High,2183,1023,1160,524,141,383,1341,318,1865,863,1002,2022,EOC,SOL,High School,11.334450027917365,24.003664681630784,13.78299120234604,33.01724137931035,85.43289051763628,84.35972629521017,86.37931034482759
2021-2022,Henrico County,Varina High,1942,863,1079,58,9,49,940,944,998,485,513,2022,EOC,SOL,High School,3.8827838827838828,2.9866117404737382,1.0428736964078795,4.541241890639481,51.3903192584964,56.19930475086906,47.54402224281743
2021-2022,Henry County,Bassett High,1545,865,680,77,30,47,872,596,949,560,389,2022,EOC,SOL,High School,,4.983818770226537,3.4682080924855487,6.911764705882353,61.42394822006473,64.73988439306359,57.205882352941174
2021-2022,Henry County,Magna Vista High,1459,838,621,81,15,66,934,444,1015,565,450,2022,EOC,SOL,High School,,5.551747772446881,1.7899761336515514,10.628019323671497,69.56819739547635,67.42243436754177,72.46376811594203
2021-2022,Highland County,Highland High,71,32,39,9,3,6,48,14,57,25,32,2022,EOC,SOL,High School,20.930232558139537,12.676056338028168,9.375,15.384615384615385,80.28169014084507,78.125,82.05128205128204
2021-2022,Hopewell City,Hopewell High,1427,632,795,54,7,47,664,709,718,346,372,2022,EOC,SOL,High School,,3.78416257883672,1.1075949367088607,5.911949685534592,50.315346881569724,54.74683544303798,46.79245283018868
2021-2022,Isle of Wight County,Smithfield High,1896,806,1090,260,58,202,1211,425,1471,637,834,2022,EOC,SOL,High School,17.29559748427673,13.71308016877637,7.196029776674938,18.53211009174312,77.584388185654,79.03225806451613,76.5137614678899
2021-2022,Isle of Wight County,Windsor High,756,349,407,67,10,57,567,122,634,293,341,2022,EOC,SOL,High School,14.392523364485982,8.862433862433862,2.865329512893983,14.004914004914005,83.86243386243386,83.95415472779369,83.78378378378379
2021-2022,King George County,King George High,1524,917,607,177,53,124,820,527,997,577,420,2022,EOC,SOL,High School,7.835051546391752,11.614173228346457,5.779716466739368,20.42833607907743,65.41994750656168,62.92257360959651,69.19275123558485
2021-2022,King William County,King William High,766,378,388,64,16,48,514,188,578,292,286,2022,EOC,SOL,High School,,8.355091383812011,4.232804232804233,12.371134020618557,75.45691906005221,77.24867724867724,73.71134020618557
2021-2022,King and Queen County,Central High,273,125,148,14,5,9,177,82,191,94,97,2022,EOC,SOL,High School,,5.128205128205128,4.0,6.081081081081082,69.96336996336996,75.2,65.54054054054053
2021-2022,Lancaster County,Lancaster High,416,184,232,19,6,13,262,135,281,148,133,2022,EOC,SOL,High School,,4.567307692307692,3.260869565217391,5.603448275862069,67.54807692307693,80.43478260869566,57.327586206896555
2021-2022,Lee County,Lee High,725,404,321,57,22,35,484,184,541,331,210,2022,EOC,SOL,High School,10.089399744572159,7.862068965517241,5.445544554455446,10.903426791277258,74.62068965517241,81.93069306930693,65.42056074766354
2021-2022,Lee County,Thomas Walker High,304,184,120,27,8,19,196,81,223,144,79,2022,EOC,SOL,High School,10.839160839160838,8.881578947368421,4.3478260869565215,15.833333333333332,73.35526315789474,78.26086956521739,65.83333333333333
2021-2022,Loudoun County,Briar Woods High,2691,1317,1374,712,170,542,1726,253,2438,1151,1287,2022,EOC,SOL,High School,7.653348339898705,26.458565589000372,12.908124525436598,39.44687045123727,90.5982905982906,87.3955960516325,93.66812227074236
2021-2022,Loudoun County,Broad Run High,2284,1148,1136,432,105,327,1484,368,1916,917,999,2022,EOC,SOL,High School,6.25,18.914185639229423,9.146341463414634,28.785211267605632,83.88791593695272,79.8780487804878,87.94014084507043
2021-2022,Loudoun County,Dominion High,2090,1018,1072,261,35,226,1043,786,1304,519,785,2022,EOC,SOL,High School,4.473503097040606,12.488038277511961,3.43811394891945,21.082089552238806,62.39234449760765,50.982318271119844,73.22761194029852
2021-2022,Loudoun County,Freedom High,2818,1320,1498,715,198,517,1904,199,2619,1200,1419,2022,EOC,SOL,High School,8.349609375,25.372604684173172,15.0,34.51268357810414,92.93825408090845,90.9090909090909,94.72630173564754
2021-2022,Loudoun County,Heritage High,2036,1015,1021,356,75,281,1252,428,1608,735,873,2022,EOC,SOL,High School,5.124747134187458,17.4852652259332,7.389162561576355,27.52203721841332,78.97838899803537,72.41379310344827,85.50440744368267
2021-2022,Loudoun County,Independence High,2746,1311,1435,727,169,558,1703,316,2430,1081,1349,2022,EOC,SOL,High School,6.915477497255764,26.474872541879098,12.890922959572846,38.88501742160278,88.49235251274581,82.45614035087719,94.00696864111498
2021-2022,Loudoun County,John Champe High,2310,1146,1164,473,117,356,1483,354,1956,925,1031,2022,EOC,SOL,High School,8.61244019138756,20.476190476190474,10.209424083769633,30.584192439862544,84.67532467532467,80.7155322862129,88.57388316151203
2021-2022,Loudoun County,Lightridge High,2469,1221,1248,561,149,412,1576,332,2137,992,1145,2022,EOC,SOL,High School,7.536636427076064,22.721749696233292,12.203112203112203,33.01282051282051,86.55326042932361,81.24488124488124,91.74679487179486
2021-2022,Loudoun County,Loudoun County High,2244,1119,1125,366,75,291,1391,487,1757,831,926,2022,EOC,SOL,High School,5.450874831763122,16.31016042780749,6.702412868632708,25.866666666666667,78.29768270944741,74.26273458445041,82.31111111111112
2021-2022,Loudoun County,Loudoun Valley High,1778,844,934,291,43,248,1066,421,1357,567,790,2022,EOC,SOL,High School,5.442729488220959,16.366704161979754,5.0947867298578196,26.552462526766597,76.32170978627671,67.18009478672985,84.58244111349036
2021-2022,Loudoun County,Park View High,1914,901,1013,102,10,92,997,815,1099,483,616,2022,EOC,SOL,High School,1.7130620985010707,5.329153605015674,1.1098779134295227,9.08193484698914,57.419017763845346,53.607103218645946,60.809476801579464
2021-2022,Loudoun County,Potomac Falls High,2329,1128,1201,348,80,268,1497,484,1845,892,953,2022,EOC,SOL,High School,4.791537025513379,14.942035208243881,7.092198581560284,22.31473771856786,79.21854873336196,79.07801418439716,79.35054121565362
2021-2022,Loudoun County,Riverside High,2750,1314,1436,612,155,457,1813,325,2425,1124,1301,2022,EOC,SOL,High School,7.69659788064696,22.254545454545454,11.796042617960426,31.824512534818943,88.18181818181819,85.54033485540334,90.59888579387186
2021-2022,Loudoun County,Rock Ridge High,2031,988,1043,540,112,428,1205,286,1745,818,927,2022,EOC,SOL,High School,9.354604786076868,26.587887740029544,11.336032388663968,41.03547459252157,85.91826686361398,82.79352226720647,88.87823585810163
2021-2022,Loudoun County,Stone Bridge High,2556,1229,1327,515,110,405,1691,350,2206,1011,1195,2022,EOC,SOL,High School,6.828703703703703,20.14866979655712,8.950366151342555,30.519969856819895,86.30672926447575,82.2620016273393,90.05275056518462
2021-2022,Loudoun County,Tuscarora High,2018,974,1044,313,57,256,1200,505,1513,710,803,2022,EOC,SOL,High School,3.5226455787203452,15.510406342913777,5.852156057494867,24.521072796934863,74.97522299306245,72.8952772073922,76.91570881226055
2021-2022,Loudoun County,Woodgrove High,2269,1066,1203,428,50,378,1481,360,1909,861,1048,2022,EOC,SOL,High School,2.5440313111545985,18.86293521375055,4.690431519699812,31.421446384039903,84.13397972675187,80.76923076923077,87.11554447215295
2021-2022,Louisa County,Louisa County High,1836,951,885,259,91,168,1266,311,1525,841,684,2022,EOC,SOL,High School,0.060790273556231005,14.106753812636166,9.568874868559412,18.983050847457626,83.06100217864923,88.43322818086226,77.28813559322035
2021-2022,Lunenburg County,Central High,826,399,427,58,19,39,537,231,595,311,284,2022,EOC,SOL,High School,5.691056910569105,7.021791767554479,4.761904761904762,9.133489461358314,72.03389830508475,77.94486215538848,66.51053864168618
2021-2022,Lynchburg City,E.C. Glass High,1672,675,997,194,38,156,879,599,1073,416,657,2022,EOC,SOL,High School,0.398406374501992,11.602870813397129,5.62962962962963,15.646940822467403,64.17464114832536,61.62962962962963,65.89769307923771
2021-2022,Lynchburg City,Heritage High,1503,611,892,117,15,102,833,553,950,404,546,2022,EOC,SOL,High School,0.10245901639344263,7.784431137724551,2.454991816693944,11.434977578475337,63.206919494344646,66.12111292962356,61.210762331838566
2021-2022,Madison County,Madison County High,854,383,471,62,7,55,480,312,542,225,317,2022,EOC,SOL,High School,,7.259953161592506,1.8276762402088773,11.67728237791932,63.46604215456675,58.7467362924282,67.3036093418259
2021-2022,Manassas City,Osbourn High,2868,1385,1483,158,42,116,1504,1206,1662,777,885,2022,EOC,SOL,High School,,5.509065550906555,3.032490974729242,7.82198246797033,57.94979079497908,56.101083032490976,59.67633175994605
2021-2022,Manassas Park City,Manassas Park High,1244,637,607,86,19,67,745,413,831,406,425,2022,EOC,SOL,High School,0.26714158504007124,6.913183279742766,2.9827315541601256,11.037891268533773,66.80064308681672,63.73626373626373,70.0164744645799
2021-2022,Martinsville City,Martinsville High,689,376,313,29,9,20,383,277,412,232,180,2022,EOC,SOL,High School,,4.2089985486211905,2.393617021276596,6.3897763578274756,59.79680696661829,61.702127659574465,57.50798722044729
2021-2022,Mathews County,Mathews High,318,131,187,29,3,26,203,86,232,91,141,2022,EOC,SOL,High School,,9.119496855345911,2.2900763358778624,13.903743315508022,72.95597484276729,69.46564885496184,75.40106951871658
2021-2022,Mecklenburg County,Bluestone High,1545,774,771,136,34,102,1000,409,1136,550,586,2022,EOC,SOL,High School,,8.802588996763754,4.3927648578811365,13.229571984435799,73.52750809061489,71.0594315245478,76.00518806744488
2021-2022,Mecklenburg County,Park View High,1395,623,772,115,24,91,786,494,901,407,494,2022,EOC,SOL,High School,0.23781212841854932,8.24372759856631,3.8523274478330656,11.78756476683938,64.58781362007169,65.32905296950241,63.98963730569949
2021-2022,Middlesex County,Middlesex High,398,151,247,53,10,43,286,59,339,134,205,2022,EOC,SOL,High School,12.650602409638553,13.316582914572864,6.622516556291391,17.408906882591094,85.17587939698493,88.74172185430463,82.99595141700405
2021-2022,Montgomery County,Auburn High,558,277,281,47,7,40,367,144,414,213,201,2022,EOC,SOL,High School,9.48509485094851,8.422939068100359,2.527075812274368,14.23487544483986,74.19354838709677,76.89530685920577,71.53024911032028
2021-2022,Montgomery County,Blacksburg High,1876,878,998,507,191,316,1073,296,1580,737,843,2022,EOC,SOL,High School,9.406322282189668,27.025586353944565,21.753986332574033,31.663326653306612,84.22174840085287,83.94077448747153,84.46893787575151
2021-2022,Montgomery County,Christiansburg High,1717,826,891,226,45,181,1105,386,1331,649,682,2022,EOC,SOL,High School,3.734827264239029,13.162492719860222,5.447941888619854,20.31425364758698,77.51892836342458,78.57142857142857,76.5432098765432
2021-2022,Montgomery County,Eastern Montgomery High,444,224,220,21,4,17,256,167,277,149,128,2022,EOC,SOL,High School,0.6872852233676976,4.72972972972973,1.7857142857142856,7.727272727272727,62.387387387387385,66.51785714285714,58.18181818181818
2021-2022,Nelson County,Nelson County High,648,279,369,52,11,41,420,176,472,209,263,2022,EOC,SOL,High School,0.3703703703703704,8.024691358024691,3.942652329749104,11.11111111111111,72.8395061728395,74.91039426523297,71.27371273712737
2021-2022,New Kent County,New Kent High,1457,580,877,208,34,174,1028,221,1236,496,740,2022,EOC,SOL,High School,1.8867924528301887,14.275909402882636,5.862068965517241,19.84036488027366,84.8318462594372,85.51724137931035,84.37856328392246
2021-2022,Newport News City,Denbigh High,1915,886,1029,52,17,35,947,916,999,534,465,2022,EOC,SOL,High School,0.2555366269165247,2.715404699738903,1.9187358916478554,3.4013605442176873,52.16710182767624,60.270880361173816,45.18950437317784
2021-2022,Newport News City,Heritage High,1581,629,952,38,1,37,765,778,803,367,436,2022,EOC,SOL,High School,2.1071115013169446,2.403542061986085,0.1589825119236884,3.8865546218487395,50.79063883617964,58.34658187599364,45.79831932773109
2021-2022,Newport News City,Menchville High,2619,1160,1459,214,61,153,1367,1038,1581,681,900,2022,EOC,SOL,High School,1.06320141760189,8.171057655593739,5.258620689655173,10.486634681288553,60.36655211912944,58.70689655172414,61.68608636052091
2021-2022,Newport News City,Warwick High,2456,1141,1315,184,52,132,1236,1036,1420,665,755,2022,EOC,SOL,High School,0.3807106598984772,7.491856677524431,4.557405784399649,10.038022813688213,57.817589576547235,58.282208588957054,57.414448669201526
2021-2022,Newport News City,Woodside High,2609,1157,1452,203,22,181,1584,822,1787,788,999,2022,EOC,SOL,High School,,7.78075891146033,1.9014693171996542,12.465564738292011,68.49367573783059,68.10717372515126,68.80165289256198
2021-2022,Norfolk City,Academy for Discovery at Lakewood,340,221,119,23,7,16,283,34,306,204,102,2022,EOC,SOL,High School,,6.764705882352941,3.167420814479638,13.445378151260504,90.0,92.3076923076923,85.71428571428571
2021-2022,Norfolk City,Booker T Washington High,1268,633,635,16,1,15,495,757,511,264,247,2022,EOC,SOL,High School,19.637139807897544,1.2618296529968454,0.1579778830963665,2.3622047244094486,40.29968454258675,41.70616113744076,38.89763779527559
2021-2022,Norfolk City,Granby High,2252,1029,1223,158,43,115,1123,971,1281,589,692,2022,EOC,SOL,High School,13.724405091311567,7.015985790408526,4.178814382896015,9.403107113654947,56.882770870337474,57.24003887269193,56.58217497955847
2021-2022,Norfolk City,Lake Taylor,64,43,21,1,1,0,38,25,39,26,13,2022,EOC,SOL,High School,,1.5625,2.3255813953488373,0.0,60.9375,60.46511627906976,61.904761904761905
2021-2022,Norfolk City,Lake Taylor High,1348,581,767,31,8,23,542,775,573,258,315,2022,EOC,SOL,High School,10.636079249217936,2.2997032640949553,1.376936316695353,2.9986962190352022,42.50741839762611,44.40619621342513,41.06910039113429
2021-2022,Norfolk City,Matthew Fontaine Maury High,2021,862,1159,213,24,189,1145,663,1358,615,743,2022,EOC,SOL,High School,16.730279898218832,10.53933696190005,2.784222737819025,16.307161345987918,67.19445818901534,71.34570765661253,64.10698878343399
2021-2022,Norfolk City,Norview High,2340,1000,1340,183,19,164,1261,896,1444,597,847,2022,EOC,SOL,High School,9.799675148890092,7.82051282051282,1.9,12.238805970149254,61.70940170940171,59.699999999999996,63.208955223880594
2021-2022,Norfolk City,Southside STEM Academy at Campostella,65,48,17,1,0,1,22,42,23,14,9,2022,EOC,SOL,High School,,1.5384615384615385,0.0,5.88235294117647,35.38461538461539,29.166666666666668,52.94117647058824
2021-2022,Northampton County,Northampton High,511,299,212,28,5,23,313,170,341,203,138,2022,EOC,SOL,High School,,5.47945205479452,1.6722408026755853,10.849056603773585,66.73189823874756,67.89297658862876,65.09433962264151
2021-2022,Northumberland County,Northumberland High,522,202,320,40,9,31,319,163,359,164,195,2022,EOC,SOL,High School,,7.662835249042145,4.455445544554455,9.6875,68.77394636015326,81.1881188118812,60.9375
2021-2022,Norton City,J.I. Burton High,271,144,127,31,12,19,209,31,240,135,105,2022,EOC,SOL,High School,13.354037267080745,11.439114391143912,8.333333333333332,14.960629921259844,88.56088560885608,93.75,82.67716535433071
2021-2022,Nottoway County,Nottoway High,863,377,486,38,0,38,419,406,457,198,259,2022,EOC,SOL,High School,19.893428063943162,4.40324449594438,0.0,7.818930041152264,52.954808806489,52.51989389920424,53.29218106995884
2021-2022,Orange County,Orange County High,2073,873,1200,194,52,142,1292,587,1486,675,811,2022,EOC,SOL,High School,8.552631578947368,9.358417752050169,5.956471935853378,11.833333333333334,71.68355041003377,77.31958762886599,67.58333333333333
2021-2022,Page County,Luray High,541,286,255,41,14,27,371,129,412,212,200,2022,EOC,SOL,High School,21.314741035856574,7.578558225508318,4.895104895104895,10.588235294117647,76.15526802218115,74.12587412587412,78.43137254901961
2021-2022,Page County,Page County High,556,277,279,50,29,21,353,153,403,213,190,2022,EOC,SOL,High School,22.644927536231883,8.992805755395683,10.469314079422382,7.526881720430108,72.48201438848922,76.89530685920577,68.10035842293907
2021-2022,Patrick County,Patrick County High,1064,548,516,127,46,81,757,180,884,472,412,2022,EOC,SOL,High School,9.688581314878892,11.936090225563909,8.394160583941606,15.69767441860465,83.0827067669173,86.13138686131386,79.84496124031007
2021-2022,Petersburg City,Petersburg High,1438,629,809,42,5,37,652,744,694,360,334,2022,EOC,SOL,High School,,2.920723226703755,0.7949125596184419,4.573547589616811,48.261474269819196,57.23370429252782,41.28553770086526
2021-2022,Pittsylvania County,Chatham High,1099,535,564,88,22,66,787,224,875,439,436,2022,EOC,SOL,High School,7.43801652892562,8.007279344858963,4.112149532710281,11.702127659574469,79.61783439490446,82.05607476635514,77.30496453900709
2021-2022,Pittsylvania County,Dan River High,1137,541,596,81,14,67,762,294,843,420,423,2022,EOC,SOL,High School,5.967741935483871,7.12401055408971,2.5878003696857674,11.241610738255034,74.14248021108179,77.63401109057301,70.9731543624161
2021-2022,Pittsylvania County,Gretna High,984,456,528,54,16,38,591,339,645,320,325,2022,EOC,SOL,High School,,5.487804878048781,3.508771929824561,7.196969696969697,65.54878048780488,70.17543859649122,61.5530303030303
2021-2022,Pittsylvania County,Tunstall High,1355,673,682,209,52,157,974,172,1183,583,600,2022,EOC,SOL,High School,,15.424354243542435,7.726597325408618,23.020527859237536,87.30627306273064,86.62704309063894,87.97653958944281
2021-2022,Poquoson City,Poquoson High,914,356,558,152,28,124,622,140,774,301,473,2022,EOC,SOL,High School,,16.630196936542667,7.865168539325842,22.22222222222222,84.68271334792122,84.5505617977528,84.76702508960572
2021-2022,Portsmouth City,Churchland High,1944,805,1139,140,24,116,1225,579,1365,557,808,2022,EOC,SOL,High School,,7.20164609053498,2.981366459627329,10.184372256365233,70.21604938271605,69.19254658385093,70.93942054433714
2021-2022,Portsmouth City,I.C. Norcom High,1440,637,803,37,6,31,753,650,790,354,436,2022,EOC,SOL,High School,0.27548209366391185,2.569444444444444,0.9419152276295133,3.8605230386052307,54.861111111111114,55.57299843014128,54.29638854296388
2021-2022,Portsmouth City,Manor High,1647,720,927,80,10,70,932,635,1012,453,559,2022,EOC,SOL,High School,0.23734177215189875,4.857316332726168,1.3888888888888888,7.5512405609492985,61.445051608986034,62.916666666666664,60.30204962243797
2021-2022,Powhatan County,Powhatan High,1345,705,640,140,23,117,894,311,1034,552,482,2022,EOC,SOL,High School,2.5464556090846524,10.408921933085502,3.2624113475177303,18.28125,76.87732342007435,78.29787234042553,75.3125
2021-2022,Prince Edward County,Prince Edward County High,881,385,496,39,6,33,459,383,498,206,292,2022,EOC,SOL,High School,,4.426787741203178,1.5584415584415585,6.653225806451612,56.526674233825204,53.5064935064935,58.87096774193549
2021-2022,Prince George County,Prince George High,2921,1461,1460,287,66,221,1980,654,2267,1133,1134,2022,EOC,SOL,High School,0.5042016806722689,9.825402259500171,4.517453798767967,15.136986301369863,77.61040739472783,77.54962354551677,77.67123287671232
2021-2022,Prince William County,Battlefield High,3332,1300,2032,761,112,649,2146,425,2907,1077,1830,2022,EOC,SOL,High School,3.3557046979865772,22.839135654261707,8.615384615384615,31.938976377952756,87.24489795918367,82.84615384615385,90.05905511811024
2021-2022,Prince William County,Brentsville District High,1282,564,718,151,17,134,757,374,908,346,562,2022,EOC,SOL,High School,,11.778471138845553,3.0141843971631204,18.662952646239557,70.82683307332293,61.347517730496456,78.27298050139275
2021-2022,Prince William County,C.D. Hylton High,3243,1450,1793,296,30,266,1864,1083,2160,894,1266,2022,EOC,SOL,High School,0.09722897423432182,9.127351218008018,2.0689655172413794,14.835471277189068,66.6049953746531,61.6551724137931,70.6079196876743
2021-2022,Prince William County,Charles J. Colgan Sr. High,4231,1884,2347,756,115,641,2549,926,3305,1378,1927,2022,EOC,SOL,High School,2.500880591757661,17.868116284566295,6.104033970276008,27.31146144013634,78.11392105885133,73.14225053078556,82.10481465700894
2021-2022,Prince William County,Forest Park High,3868,1708,2160,581,114,467,2390,897,2971,1220,1751,2022,EOC,SOL,High School,6.440229378032643,15.020682523267839,6.674473067915692,21.62037037037037,76.80972078593588,71.42857142857143,81.06481481481481
2021-2022,Prince William County,Freedom High,3068,1407,1661,108,15,93,1735,1225,1843,840,1003,2022,EOC,SOL,High School,0.09385265133740028,3.5202086049543677,1.0660980810234542,5.59903672486454,60.07170795306388,59.70149253731343,60.385310054184224
2021-2022,Prince William County,Gainesville High,3237,1906,1331,360,149,211,2261,616,2621,1555,1066,2022,EOC,SOL,High School,1.2977649603460706,11.121408711770158,7.817418677859392,15.852742299023289,80.97003398208219,81.58447009443861,80.09015777610819
2021-2022,Prince William County,Gar-Field High,3931,1851,2080,163,17,146,1894,1874,2057,942,1115,2022,EOC,SOL,High School,1.8737270875763747,4.146527601119308,0.9184224743381956,7.019230769230769,52.327651996947345,50.89141004862236,53.605769230769226
2021-2022,Prince William County,Osbourn Park High,4558,2054,2504,940,211,729,2739,879,3679,1609,2070,2022,EOC,SOL,High School,5.626598465473146,20.623080298376482,10.272638753651412,29.11341853035144,80.71522597630539,78.33495618305744,82.66773162939297
2021-2022,Prince William County,Patriot High,3905,1696,2209,709,159,550,2552,644,3261,1432,1829,2022,EOC,SOL,High School,7.553648068669528,18.156209987195904,9.375,24.89814395654142,83.50832266325224,84.43396226415094,82.7976459936623
2021-2022,Prince William County,Potomac High,3431,1479,1952,226,34,192,2021,1184,2247,916,1331,2022,EOC,SOL,High School,1.228878648233487,6.587000874380647,2.2988505747126435,9.836065573770492,65.49111046342175,61.93373901284652,68.18647540983606
2021-2022,Prince William County,Unity Reed High,3729,1726,2003,210,29,181,1798,1721,2008,821,1187,2022,EOC,SOL,High School,0.08507018290089324,5.631536604987932,1.6801853997682505,9.036445332001996,53.84821668007509,47.56662804171495,59.26110833749376
2021-2022,Prince William County,Woodbridge High,4966,2336,2630,492,76,416,2956,1518,3448,1548,1900,2022,EOC,SOL,High School,4.4228694714131604,9.907370116794201,3.2534246575342465,15.817490494296576,69.4321385420862,66.26712328767124,72.24334600760456
2021-2022,Pulaski County,Pulaski County Senior High,1433,594,839,118,15,103,882,433,1000,419,581,2022,EOC,SOL,High School,0.08340283569641367,8.23447313328681,2.525252525252525,12.276519666269369,69.78367062107466,70.53872053872054,69.24910607866508
2021-2022,Radford City,Radford High,1037,539,498,123,24,99,651,263,774,379,395,2022,EOC,SOL,High School,1.0856453558504222,11.861137897782063,4.452690166975881,19.879518072289155,74.63837994214079,70.31539888682747,79.31726907630522
2021-2022,Rappahannock County,Rappahannock County High,292,142,150,44,9,35,179,69,223,108,115,2022,EOC,SOL,High School,0.9868421052631579,15.068493150684931,6.338028169014084,23.333333333333332,76.36986301369863,76.05633802816901,76.66666666666667
2021-2022,Richmond City,Armstrong High,1226,554,672,24,5,19,479,723,503,233,270,2022,EOC,SOL,High School,1.032258064516129,1.957585644371941,0.9025270758122743,2.8273809523809526,41.027732463295266,42.057761732851986,40.17857142857143
2021-2022,Richmond City,Franklin Military Academy,301,162,139,14,9,5,205,82,219,129,90,2022,EOC,SOL,High School,1.5772870662460567,4.651162790697675,5.555555555555555,3.597122302158273,72.75747508305648,79.62962962962963,64.74820143884892
2021-2022,Richmond City,George Wythe High,2420,1191,1229,18,2,16,516,1886,534,253,281,2022,EOC,SOL,High School,1.2307692307692308,0.743801652892562,0.16792611251049538,1.3018714401952807,22.066115702479337,21.242653232577666,22.86411716842962
2021-2022,Richmond City,Huguenot High,2179,941,1238,69,14,55,968,1142,1037,483,554,2022,EOC,SOL,High School,1.344286781179985,3.166590178981184,1.487778958554729,4.44264943457189,47.59063790729692,51.32837407013815,44.74959612277868
2021-2022,Richmond City,John Marshall High,1018,464,554,52,10,42,563,403,615,284,331,2022,EOC,SOL,High School,1.2915129151291513,5.1080550098231825,2.1551724137931036,7.581227436823104,60.41257367387033,61.206896551724135,59.74729241877257
2021-2022,Richmond City,Open High,280,107,173,73,16,57,181,26,254,90,164,2022,EOC,SOL,High School,8.51063829787234,26.071428571428573,14.953271028037381,32.947976878612714,90.71428571428571,84.11214953271028,94.79768786127167
2021-2022,Richmond City,Richmond Alternative,168,78,90,1,0,1,21,146,22,7,15,2022,EOC,SOL,High School,,0.5952380952380952,0.0,1.1111111111111112,13.095238095238097,8.974358974358974,16.666666666666664
2021-2022,Richmond City,Richmond Community High,269,119,150,49,7,42,196,24,245,103,142,2022,EOC,SOL,High School,2.3696682464454977,18.21561338289963,5.88235294117647,28.000000000000004,91.07806691449815,86.5546218487395,94.66666666666667
2021-2022,Richmond City,Thomas Jefferson High,1561,653,908,134,32,102,690,737,824,339,485,2022,EOC,SOL,High School,1.8784530386740332,8.584240871236387,4.900459418070445,11.233480176211454,52.786675208199874,51.91424196018377,53.414096916299556
2021-2022,Richmond County,Rappahannock High,470,252,218,41,6,35,313,116,354,184,170,2022,EOC,SOL,High School,,8.72340425531915,2.380952380952381,16.055045871559635,75.31914893617021,73.01587301587301,77.98165137614679
2021-2022,Roanoke City,Patrick Henry High,2377,1295,1082,208,61,147,1274,895,1482,799,683,2022,EOC,SOL,High School,13.526570048309178,8.750525872949096,4.710424710424711,13.585951940850277,62.347496844762304,61.6988416988417,63.12384473197782
2021-2022,Roanoke City,William Fleming High,2101,1160,941,77,21,56,1212,812,1289,755,534,2022,EOC,SOL,High School,7.6923076923076925,3.664921465968586,1.810344827586207,5.951115834218916,61.351737267967636,65.08620689655173,56.748140276301804
2021-2022,Roanoke County,Cave Spring High,1317,789,528,277,134,143,905,135,1182,706,476,2022,EOC,SOL,High School,,21.032649962034927,16.983523447401776,27.083333333333332,89.749430523918,89.48035487959443,90.15151515151516
2021-2022,Roanoke County,Glenvar High,795,458,337,137,54,83,558,100,695,404,291,2022,EOC,SOL,High School,,17.232704402515722,11.790393013100436,24.629080118694365,87.42138364779875,88.20960698689956,86.35014836795251
2021-2022,Roanoke County,Hidden Valley High,1071,646,425,220,126,94,741,110,961,584,377,2022,EOC,SOL,High School,,20.541549953314657,19.5046439628483,22.11764705882353,89.72922502334268,90.40247678018576,88.70588235294117
2021-2022,Roanoke County,Northside High,1232,740,492,111,51,60,867,254,978,611,367,2022,EOC,SOL,High School,,9.009740259740258,6.891891891891892,12.195121951219512,79.38311688311688,82.56756756756756,74.59349593495935
2021-2022,Roanoke County,William Byrd High,1385,848,537,146,62,84,965,274,1111,690,421,2022,EOC,SOL,High School,,10.541516245487365,7.311320754716981,15.64245810055866,80.21660649819495,81.36792452830188,78.39851024208566
2021-2022,Rockbridge County,Rockbridge County High,1290,655,635,168,34,134,749,373,917,484,433,2022,EOC,SOL,High School,1.25,13.023255813953488,5.190839694656488,21.102362204724407,71.08527131782945,73.89312977099237,68.18897637795276
2021-2022,Rockingham County,Broadway High,984,502,482,99,26,73,683,202,782,394,388,2022,EOC,SOL,High School,,10.060975609756099,5.179282868525896,15.145228215767634,79.47154471544715,78.48605577689243,80.49792531120332
2021-2022,Rockingham County,East Rockingham High,835,434,401,98,30,68,603,134,701,359,342,2022,EOC,SOL,High School,,11.736526946107785,6.912442396313365,16.957605985037407,83.95209580838323,82.7188940092166,85.286783042394
2021-2022,Rockingham County,Spotswood High,958,468,490,130,45,85,641,187,771,380,391,2022,EOC,SOL,High School,2.5210084033613445,13.569937369519833,9.615384615384617,17.346938775510203,80.48016701461378,81.19658119658119,79.79591836734694
2021-2022,Rockingham County,Turner Ashby High,1045,547,498,122,41,81,749,174,871,465,406,2022,EOC,SOL,High School,,11.674641148325358,7.495429616087751,16.265060240963855,83.34928229665071,85.0091407678245,81.52610441767068
2021-2022,Russell County,Castlewood High,416,270,146,16,7,9,295,105,311,214,97,2022,EOC,SOL,High School,,3.8461538461538463,2.5925925925925926,6.164383561643835,74.75961538461539,79.25925925925927,66.43835616438356
2021-2022,Russell County,Honaker High,555,364,191,38,9,29,414,103,452,296,156,2022,EOC,SOL,High School,,6.846846846846846,2.4725274725274726,15.18324607329843,81.44144144144144,81.31868131868131,81.67539267015707
2021-2022,Russell County,Lebanon High,743,483,260,48,14,34,556,139,604,399,205,2022,EOC,SOL,High School,,6.460296096904441,2.898550724637681,13.076923076923078,81.29205921938089,82.6086956521739,78.84615384615384
2021-2022,Salem City,Salem High,1414,1008,406,179,98,81,993,242,1172,850,322,2022,EOC,SOL,High School,3.996802557953637,12.659123055162661,9.722222222222223,19.950738916256157,82.88543140028288,84.32539682539682,79.3103448275862
2021-2022,Scott County,Gate City High,692,371,321,74,23,51,482,136,556,283,273,2022,EOC,SOL,High School,10.21671826625387,10.69364161849711,6.199460916442049,15.887850467289718,80.34682080924856,76.28032345013477,85.04672897196261
2021-2022,Scott County,Rye Cove High,208,103,105,18,5,13,138,52,156,78,78,2022,EOC,SOL,High School,17.716535433070867,8.653846153846153,4.854368932038835,12.380952380952381,75.0,75.72815533980582,74.28571428571429
2021-2022,Scott County,Twin Springs High,172,91,81,20,7,13,116,36,136,75,61,2022,EOC,SOL,High School,12.653061224489795,11.627906976744185,7.6923076923076925,16.049382716049383,79.06976744186046,82.41758241758241,75.30864197530865
2021-2022,Shenandoah County,Central High,936,497,439,59,16,43,530,347,589,316,273,2022,EOC,SOL,High School,0.129366106080207,6.303418803418803,3.2193158953722336,9.79498861047836,62.927350427350426,63.581488933601605,62.1867881548975
2021-2022,Shenandoah County,Mountain View High,555,299,256,71,23,48,367,117,438,231,207,2022,EOC,SOL,High School,0.8183306055646482,12.792792792792792,7.6923076923076925,18.75,78.91891891891892,77.25752508361204,80.859375
2021-2022,Shenandoah County,Strasburg High,648,329,319,29,9,20,428,191,457,238,219,2022,EOC,SOL,High School,0.3395585738539898,4.4753086419753085,2.735562310030395,6.269592476489027,70.5246913580247,72.3404255319149,68.65203761755487
2021-2022,Smyth County,Chilhowie High,358,240,118,25,3,22,251,82,276,182,94,2022,EOC,SOL,High School,0.4750593824228029,6.983240223463687,1.25,18.64406779661017,77.09497206703911,75.83333333333333,79.66101694915254
2021-2022,Smyth County,Marion Senior High,608,417,191,39,7,32,379,190,418,275,143,2022,EOC,SOL,High School,0.9331259720062209,6.4144736842105265,1.6786570743405276,16.75392670157068,68.75,65.94724220623502,74.86910994764398
2021-2022,Smyth County,Northwood High,178,119,59,12,2,10,135,31,147,94,53,2022,EOC,SOL,High School,0.8298755186721992,6.741573033707865,1.680672268907563,16.94915254237288,82.58426966292134,78.99159663865547,89.83050847457628
2021-2022,Southampton County,Southampton High,1001,405,596,64,5,59,628,309,692,307,385,2022,EOC,SOL,High School,0.1336898395721925,6.393606393606394,1.2345679012345678,9.899328859060402,69.13086913086913,75.80246913580247,64.59731543624162
2021-2022,Spotsylvania County,Chancellor High,1882,785,1097,155,24,131,1122,605,1277,511,766,2022,EOC,SOL,High School,15.317286652078774,8.235919234856535,3.0573248407643314,11.941659070191431,67.85334750265675,65.09554140127388,69.82680036463081
2021-2022,Spotsylvania County,Courtland High,1976,814,1162,212,45,167,1237,527,1449,568,881,2022,EOC,SOL,High School,22.519582245430808,10.728744939271255,5.528255528255528,14.371772805507746,73.32995951417004,69.77886977886978,75.81755593803786
2021-2022,Spotsylvania County,Massaponax High,2179,917,1262,213,32,181,1307,659,1520,603,917,2022,EOC,SOL,High School,18.99940440738535,9.775126204681046,3.4896401308615053,14.34231378763867,69.7567691601652,65.75790621592148,72.66244057052297
2021-2022,Spotsylvania County,Riverbend High,2570,1044,1526,318,66,252,1634,618,1952,759,1193,2022,EOC,SOL,High School,16.47489539748954,12.373540856031129,6.321839080459771,16.51376146788991,75.95330739299611,72.70114942528735,78.17824377457406
2021-2022,Spotsylvania County,Spotsylvania High,1876,795,1081,161,23,138,1122,593,1283,524,759,2022,EOC,SOL,High School,15.756630265210608,8.582089552238806,2.8930817610062896,12.76595744680851,68.39019189765459,65.9119496855346,70.2127659574468
2021-2022,Stafford County,Brooke Point High,3041,1806,1235,258,72,186,1900,883,2158,1204,954,2022,EOC,SOL,High School,22.4609375,8.484051298914832,3.9867109634551494,15.060728744939272,70.96349884906282,66.66666666666666,77.24696356275304
2021-2022,Stafford County,Colonial Forge High,2703,1568,1135,326,116,210,1828,549,2154,1252,902,2022,EOC,SOL,High School,17.30865432716358,12.060673325934147,7.3979591836734695,18.502202643171806,79.68923418423974,79.8469387755102,79.47136563876653
2021-2022,Stafford County,Mountain View High,2739,1569,1170,302,100,202,1893,544,2195,1242,953,2022,EOC,SOL,High School,21.128731343283583,11.025921869295363,6.373486297004462,17.264957264957264,80.1387367652428,79.1586998087954,81.45299145299145
2021-2022,Stafford County,North Stafford High,2510,1440,1070,196,51,145,1705,609,1901,1090,811,2022,EOC,SOL,High School,20.342612419700217,7.808764940239044,3.5416666666666665,13.551401869158877,75.73705179282868,75.69444444444444,75.79439252336448
2021-2022,Stafford County,Stafford Senior High,2782,1611,1171,221,41,180,1467,1094,1688,879,809,2022,EOC,SOL,High School,23.140495867768596,7.943925233644859,2.5450031036623217,15.37147736976943,60.67577282530554,54.56238361266295,69.0862510674637
2021-2022,Staunton City,Staunton High,1271,633,638,159,42,117,781,331,940,451,489,2022,EOC,SOL,High School,0.9501187648456058,12.509834775767112,6.6350710900473935,18.338557993730408,73.95751376868608,71.24802527646129,76.64576802507837
2021-2022,Suffolk City,King's Fork High,2721,1283,1438,141,18,123,1457,1123,1598,736,862,2022,EOC,SOL,High School,1.4311270125223614,5.181918412348401,1.4029618082618862,8.55354659248957,58.72840867328188,57.3655494933749,59.944367176634216
2021-2022,Suffolk City,Lakeland High,1622,664,958,83,13,70,871,668,954,380,574,2022,EOC,SOL,High School,2.121771217712177,5.117139334155364,1.957831325301205,7.306889352818372,58.816276202219484,57.22891566265061,59.91649269311065
2021-2022,Suffolk City,Nansemond River High,2520,1205,1315,256,40,216,1586,678,1842,855,987,2022,EOC,SOL,High School,1.9879518072289155,10.158730158730158,3.319502074688797,16.425855513307987,73.09523809523809,70.95435684647303,75.05703422053232
2021-2022,Surry County,Surry County High,285,102,183,16,2,14,202,67,218,83,135,2022,EOC,SOL,High School,11.013215859030836,5.614035087719298,1.9607843137254901,7.650273224043716,76.49122807017544,81.37254901960785,73.77049180327869
2021-2022,Sussex County,Sussex Central High,625,302,323,35,3,32,383,207,418,182,236,2022,EOC,SOL,High School,22.115384615384613,5.6000000000000005,0.9933774834437087,9.907120743034056,66.88,60.264900662251655,73.06501547987617
2021-2022,Tazewell County,Graham High,475,123,352,91,13,78,338,46,429,112,317,2022,EOC,SOL,High School,32.734530938123754,19.157894736842103,10.569105691056912,22.15909090909091,90.31578947368422,91.05691056910568,90.05681818181817
2021-2022,Tazewell County,Richlands High,670,271,399,86,20,66,472,112,558,234,324,2022,EOC,SOL,High School,13.991163475699558,12.835820895522387,7.380073800738007,16.541353383458645,83.28358208955224,86.34686346863468,81.203007518797
2021-2022,Tazewell County,Tazewell High,517,193,324,98,24,74,373,46,471,181,290,2022,EOC,SOL,High School,13.535353535353536,18.95551257253385,12.435233160621761,22.839506172839506,91.10251450676982,93.78238341968913,89.50617283950618
2021-2022,Virginia Beach City,Bayside High,2702,1123,1579,272,49,223,1596,834,1868,789,1079,2022,EOC,SOL,High School,6.612021857923497,10.066617320503331,4.363312555654497,14.122862571247625,69.1339748334567,70.25823686553873,68.33438885370488
2021-2022,Virginia Beach City,First Colonial High,2370,963,1407,293,43,250,1626,451,1919,787,1132,2022,EOC,SOL,High School,10.812356979405035,12.362869198312236,4.46521287642783,17.768301350390903,80.97046413502109,81.72377985462099,80.45486851457001
2021-2022,Virginia Beach City,Floyd Kellam High,2455,932,1523,404,47,357,1733,318,2137,811,1326,2022,EOC,SOL,High School,8.257858284496537,16.45621181262729,5.042918454935622,23.440577806959947,87.04684317718942,87.01716738197425,87.0650032829941
2021-2022,Virginia Beach City,Frank W. Cox High,2242,910,1332,344,72,272,1547,351,1891,767,1124,2022,EOC,SOL,High School,10.0,15.343443354148082,7.9120879120879115,20.42042042042042,84.3443354148082,84.28571428571429,84.38438438438438
2021-2022,Virginia Beach City,Green Run Collegiate,602,229,373,67,13,54,432,103,499,187,312,2022,EOC,SOL,High School,,11.129568106312291,5.676855895196507,14.47721179624665,82.890365448505,81.6593886462882,83.6461126005362
2021-2022,Virginia Beach City,Green Run High,2054,832,1222,159,25,134,1260,635,1419,599,820,2022,EOC,SOL,High School,5.894736842105263,7.740993184031159,3.0048076923076925,10.965630114566286,69.08471275559883,71.9951923076923,67.10310965630114
2021-2022,Virginia Beach City,Kempsville High,2689,1109,1580,252,31,221,1801,636,2053,876,1177,2022,EOC,SOL,High School,12.29020032485111,9.371513573819264,2.7953110910730388,13.987341772151899,76.34808478988472,78.99008115419296,74.49367088607595
2021-2022,Virginia Beach City,Landstown High,2974,1106,1868,441,99,342,1923,610,2364,894,1470,2022,EOC,SOL,High School,14.14519906323185,14.828513786146605,8.95117540687161,18.30835117773019,79.48890383322124,80.83182640144665,78.69379014989293
2021-2022,Virginia Beach City,Ocean Lakes High,2545,1045,1500,615,177,438,1566,364,2181,887,1294,2022,EOC,SOL,High School,14.937759336099585,24.165029469548134,16.937799043062203,29.2,85.69744597249509,84.88038277511963,86.26666666666667
2021-2022,Virginia Beach City,Princess Anne High,2304,988,1316,544,131,413,1400,360,1944,831,1113,2022,EOC,SOL,High School,12.65899454875833,23.61111111111111,13.259109311740891,31.382978723404253,84.375,84.10931174089069,84.57446808510637
2021-2022,Virginia Beach City,Salem High,2482,1192,1290,388,67,321,1656,438,2044,952,1092,2022,EOC,SOL,High School,9.950248756218906,15.63255439161966,5.620805369127517,24.88372093023256,82.35294117647058,79.86577181208054,84.65116279069768
2021-2022,Virginia Beach City,Tallwood High,2524,1019,1505,331,42,289,1712,481,2043,836,1207,2022,EOC,SOL,High School,4.791431792559188,13.114104595879555,4.121687929342492,19.20265780730897,80.94294770206022,82.04121687929342,80.19933554817275
2021-2022,Warren County,Skyline High,1017,499,518,65,19,46,605,347,670,356,314,2022,EOC,SOL,High School,2.277904328018223,6.391347099311701,3.807615230460922,8.880308880308881,65.88003933136677,71.34268537074149,60.61776061776062
2021-2022,Warren County,Warren County High,959,467,492,92,27,65,621,246,713,365,348,2022,EOC,SOL,High School,,9.593326381647548,5.781584582441114,13.211382113821138,74.34827945776851,78.15845824411134,70.73170731707317
2021-2022,Washington County,Abingdon High,716,450,266,100,29,71,494,122,594,384,210,2022,EOC,SOL,High School,,13.966480446927374,6.444444444444445,26.691729323308273,82.9608938547486,85.33333333333334,78.94736842105263
2021-2022,Washington County,Holston High,209,146,63,29,13,16,160,20,189,129,60,2022,EOC,SOL,High School,,13.875598086124402,8.904109589041095,25.396825396825395,90.43062200956938,88.35616438356165,95.23809523809523
2021-2022,Washington County,John S. Battle High,551,360,191,59,18,41,404,88,463,294,169,2022,EOC,SOL,High School,,10.707803992740473,5.0,21.465968586387437,84.0290381125227,81.66666666666667,88.48167539267016
2021-2022,Washington County,Patrick Henry High,290,199,91,38,14,24,216,36,254,176,78,2022,EOC,SOL,High School,,13.10344827586207,7.035175879396985,26.373626373626376,87.58620689655172,88.44221105527639,85.71428571428571
2021-2022,Waynesboro City,Waynesboro High,1027,525,502,61,13,48,542,424,603,306,297,2022,EOC,SOL,High School,0.11173184357541899,5.939629990262902,2.4761904761904763,9.56175298804781,58.714703018500494,58.285714285714285,59.16334661354582
2021-2022,Westmoreland County,Westmoreland High,664,329,335,33,9,24,381,250,414,228,186,2022,EOC,SOL,High School,10.2880658436214,4.969879518072289,2.735562310030395,7.164179104477612,62.34939759036144,69.30091185410335,55.52238805970149
2021-2022,Williamsburg-James City County,Jamestown High,1784,812,972,315,78,237,1106,363,1421,663,758,2022,EOC,SOL,High School,6.436041834271923,17.656950672645742,9.60591133004926,24.382716049382715,79.652466367713,81.65024630541872,77.9835390946502
2021-2022,Williamsburg-James City County,Lafayette High,1768,813,955,169,46,123,1105,494,1274,607,667,2022,EOC,SOL,High School,4.649122807017544,9.558823529411764,5.658056580565805,12.879581151832461,72.05882352941177,74.66174661746618,69.84293193717276
2021-2022,Williamsburg-James City County,Warhill High,2246,1084,1162,250,64,186,1305,691,1555,743,812,2022,EOC,SOL,High School,6.791044776119402,11.130899376669635,5.904059040590406,16.00688468158348,69.23419412288513,68.54243542435424,69.87951807228916
2021-2022,Winchester City,John Handley High,1838,820,1018,242,42,200,970,626,1212,523,689,2022,EOC,SOL,High School,14.76510067114094,13.166485310119697,5.121951219512195,19.646365422396855,65.94124047878128,63.78048780487805,67.68172888015717
2021-2022,Wise County,Central High,834,350,484,168,30,138,569,97,737,320,417,2022,EOC,SOL,High School,0.322061191626409,20.14388489208633,8.571428571428571,28.512396694214875,88.3693045563549,91.42857142857143,86.15702479338843
2021-2022,Wise County,Eastside High,495,228,267,58,18,40,355,82,413,194,219,2022,EOC,SOL,High School,,11.717171717171718,7.894736842105263,14.981273408239701,83.43434343434343,85.08771929824562,82.02247191011236
2021-2022,Wise County,Union High,724,304,420,119,17,102,499,106,618,259,359,2022,EOC,SOL,High School,3.405017921146954,16.43646408839779,5.592105263157895,24.285714285714285,85.35911602209944,85.19736842105263,85.47619047619047
2021-2022,Wythe County,Fort Chiswell High,432,213,219,52,12,40,311,69,363,182,181,2022,EOC,SOL,High School,1.3100436681222707,12.037037037037036,5.633802816901409,18.2648401826484,84.02777777777779,85.44600938967136,82.64840182648402
2021-2022,Wythe County,George Wythe High,481,249,232,72,24,48,332,77,404,220,184,2022,EOC,SOL,High School,2.232142857142857,14.96881496881497,9.63855421686747,20.689655172413794,83.991683991684,88.35341365461848,79.3103448275862
2021-2022,Wythe County,Rural Retreat High,320,147,173,67,16,51,221,32,288,129,159,2022,EOC,SOL,High School,2.803738317757009,20.9375,10.884353741496598,29.47976878612717,90.0,87.75510204081633,91.90751445086705
2021-2022,York County,Bruton High,1069,517,552,149,28,121,664,256,813,380,433,2022,EOC,SOL,High School,,13.938260056127222,5.415860735009671,21.920289855072465,76.05238540692237,73.5009671179884,78.44202898550725
2021-2022,York County,Grafton High,1729,792,937,397,87,310,1145,187,1542,686,856,2022,EOC,SOL,High School,2.0338983050847457,22.96124927703875,10.984848484848484,33.084311632870865,89.1844997108155,86.61616161616162,91.35538954108858
2021-2022,York County,Tabb High,1641,737,904,344,75,269,1121,176,1465,652,813,2022,EOC,SOL,High School,,20.962827544180378,10.176390773405698,29.75663716814159,89.27483241925655,88.46675712347354,89.93362831858407
2021-2022,York County,York High,1488,668,820,216,44,172,1025,247,1241,552,689,2022,EOC,SOL,High School,,14.516129032258066,6.58682634730539,20.975609756097562,83.40053763440861,82.63473053892216,84.02439024390243
2021-2022,York County,York River Academy,99,41,58,5,2,3,83,11,88,38,50,2022,EOC,SOL,High School,,5.05050505050505,4.878048780487805,5.172413793103448,88.88888888888889,92.6829268292683,86.20689655172413
